station_poi_desc_cd,line_name,transition_date,number_of_passenger
15 Temmuz,M9,2024-09-01,1602
15 Temmuz,M9,2024-09-04,2992
15 Temmuz,M9,2024-09-05,3042
15 Temmuz,M9,2024-09-06,3095
15 Temmuz,M9,2024-09-07,2324
15 Temmuz,M9,2024-09-08,1674
15 Temmuz,M9,2024-09-09,1770
29 Ekim Cumhuriyet,M9,2024-09-01,626
29 Ekim Cumhuriyet,M9,2024-09-04,3682
29 Ekim Cumhuriyet,M9,2024-09-05,3609
29 Ekim Cumhuriyet,M9,2024-09-06,3626
29 Ekim Cumhuriyet,M9,2024-09-07,1512
29 Ekim Cumhuriyet,M9,2024-09-08,681
29 Ekim Cumhuriyet,M9,2024-09-09,1032
ACIBADEM,M4,2024-09-01,2064
ACIBADEM,M4,2024-09-04,4646
ACIBADEM,M4,2024-09-05,4750
ACIBADEM,M4,2024-09-06,5012
ACIBADEM,M4,2024-09-07,3568
ACIBADEM,M4,2024-09-08,2283
ACIBADEM,M4,2024-09-09,3037
ALTINSEHIR,M5,2024-09-01,4254
ALTINSEHIR,M5,2024-09-02,1
ALTINSEHIR,M5,2024-09-04,7142
ALTINSEHIR,M5,2024-09-05,7130
ALTINSEHIR,M5,2024-09-06,7260
ALTINSEHIR,M5,2024-09-07,6118
ALTINSEHIR,M5,2024-09-08,4308
ALTINSEHIR,M5,2024-09-09,6278
ATATURK MAHALLESI,M9,2024-09-01,2309
ATATURK MAHALLESI,M9,2024-09-03,2
ATATURK MAHALLESI,M9,2024-09-04,3589
ATATURK MAHALLESI,M9,2024-09-05,3589
ATATURK MAHALLESI,M9,2024-09-06,3609
ATATURK MAHALLESI,M9,2024-09-07,3321
ATATURK MAHALLESI,M9,2024-09-08,2214
ATATURK MAHALLESI,M9,2024-09-09,3278
AYSE KADIN,M8,2024-09-01,1237
AYSE KADIN,M8,2024-09-04,2424
AYSE KADIN,M8,2024-09-05,2618
AYSE KADIN,M8,2024-09-06,2559
AYSE KADIN,M8,2024-09-07,2003
AYSE KADIN,M8,2024-09-08,1357
AYSE KADIN,M8,2024-09-09,1210
Aksaray,M1,2024-09-01,10082
Aksaray,M1,2024-09-02,1
Aksaray,M1,2024-09-03,1
Aksaray,M1,2024-09-04,16276
Aksaray,M1,2024-09-05,16316
Aksaray,M1,2024-09-06,17406
Aksaray,M1,2024-09-07,15718
Aksaray,M1,2024-09-08,10315
Aksaray,M1,2024-09-09,6235
Alibeyköy,M7,2024-09-01,10034
Alibeyköy,M7,2024-09-03,2
Alibeyköy,M7,2024-09-04,15915
Alibeyköy,M7,2024-09-05,15794
Alibeyköy,M7,2024-09-06,16113
Alibeyköy,M7,2024-09-07,13706
Alibeyköy,M7,2024-09-08,9650
Alibeyköy,M7,2024-09-09,10623
Altunizade,M5,2024-09-01,12686
Altunizade,M5,2024-09-02,14
Altunizade,M5,2024-09-04,26891
Altunizade,M5,2024-09-05,27275
Altunizade,M5,2024-09-06,27344
Altunizade,M5,2024-09-07,19006
Altunizade,M5,2024-09-08,13819
Altunizade,M5,2024-09-09,9855
Ataköy,M9,2024-09-01,2021
Ataköy,M9,2024-09-04,3509
Ataköy,M9,2024-09-05,3947
Ataköy,M9,2024-09-06,3329
Ataköy,M9,2024-09-07,2687
Ataköy,M9,2024-09-08,1833
Ataköy,M9,2024-09-09,1622
Ataköy-Şirinevler,M1,2024-09-01,11765
Ataköy-Şirinevler,M1,2024-09-02,1
Ataköy-Şirinevler,M1,2024-09-03,6
Ataköy-Şirinevler,M1,2024-09-04,16041
Ataköy-Şirinevler,M1,2024-09-05,16586
Ataköy-Şirinevler,M1,2024-09-06,16853
Ataköy-Şirinevler,M1,2024-09-07,15703
Ataköy-Şirinevler,M1,2024-09-08,11655
Ataköy-Şirinevler,M1,2024-09-09,11932
Atatürk Oto Sanayi,M2,2024-09-01,1596
Atatürk Oto Sanayi,M2,2024-09-04,6974
Atatürk Oto Sanayi,M2,2024-09-05,7142
Atatürk Oto Sanayi,M2,2024-09-06,6677
Atatürk Oto Sanayi,M2,2024-09-07,3452
Atatürk Oto Sanayi,M2,2024-09-08,1680
Atatürk Oto Sanayi,M2,2024-09-09,2676
Ayrılık Çeşmesi,M4,2024-09-01,13964
Ayrılık Çeşmesi,M4,2024-09-02,3
Ayrılık Çeşmesi,M4,2024-09-04,22765
Ayrılık Çeşmesi,M4,2024-09-05,23293
Ayrılık Çeşmesi,M4,2024-09-06,24249
Ayrılık Çeşmesi,M4,2024-09-07,20160
Ayrılık Çeşmesi,M4,2024-09-08,15399
Ayrılık Çeşmesi,M4,2024-09-09,12208
Bahariye,M9,2024-09-01,2521
Bahariye,M9,2024-09-04,4546
Bahariye,M9,2024-09-05,4671
Bahariye,M9,2024-09-06,4714
Bahariye,M9,2024-09-07,3947
Bahariye,M9,2024-09-08,2722
Bahariye,M9,2024-09-09,3741
Bahçelievler,M1,2024-09-01,2995
Bahçelievler,M1,2024-09-03,1
Bahçelievler,M1,2024-09-04,5990
Bahçelievler,M1,2024-09-05,6187
Bahçelievler,M1,2024-09-06,6285
Bahçelievler,M1,2024-09-07,4480
Bahçelievler,M1,2024-09-08,2976
Bahçelievler,M1,2024-09-09,4415
Bakırköy,M1,2024-09-01,4164
Bakırköy,M1,2024-09-04,5292
Bakırköy,M1,2024-09-05,7464
Bakırköy,M1,2024-09-06,5494
Bakırköy,M1,2024-09-07,9669
Bakırköy,M1,2024-09-08,4519
Bakırköy,M1,2024-09-09,3799
Bakırköy,M3,2024-09-01,1603
Bakırköy,M3,2024-09-04,1428
Bakırköy,M3,2024-09-05,1467
Bakırköy,M3,2024-09-06,1386
Bakırköy,M3,2024-09-07,2025
Bakırköy,M3,2024-09-08,1449
Bakırköy,M3,2024-09-09,308
Bayrampaşa-Maltepe,M1,2024-09-01,5210
Bayrampaşa-Maltepe,M1,2024-09-04,8990
Bayrampaşa-Maltepe,M1,2024-09-05,9096
Bayrampaşa-Maltepe,M1,2024-09-06,9401
Bayrampaşa-Maltepe,M1,2024-09-07,8082
Bayrampaşa-Maltepe,M1,2024-09-08,5893
Bayrampaşa-Maltepe,M1,2024-09-09,4574
Bağcılar Meydan,M1,2024-09-01,10343
Bağcılar Meydan,M1,2024-09-03,2
Bağcılar Meydan,M1,2024-09-04,13829
Bağcılar Meydan,M1,2024-09-05,14011
Bağcılar Meydan,M1,2024-09-06,14689
Bağcılar Meydan,M1,2024-09-07,13985
Bağcılar Meydan,M1,2024-09-08,10886
Bağcılar Meydan,M1,2024-09-09,10604
Bağlarbaşı,M5,2024-09-01,3874
Bağlarbaşı,M5,2024-09-04,8754
Bağlarbaşı,M5,2024-09-05,8731
Bağlarbaşı,M5,2024-09-06,8989
Bağlarbaşı,M5,2024-09-07,6148
Bağlarbaşı,M5,2024-09-08,4287
Bağlarbaşı,M5,2024-09-09,5645
Başak Konutları,M3,2024-09-01,2230
Başak Konutları,M3,2024-09-04,6022
Başak Konutları,M3,2024-09-05,6187
Başak Konutları,M3,2024-09-06,6099
Başak Konutları,M3,2024-09-07,4415
Başak Konutları,M3,2024-09-08,2486
Başak Konutları,M3,2024-09-09,3089
Başakşehir-Metrokent,M3,2024-09-01,3217
Başakşehir-Metrokent,M3,2024-09-04,5400
Başakşehir-Metrokent,M3,2024-09-05,5455
Başakşehir-Metrokent,M3,2024-09-06,5467
Başakşehir-Metrokent,M3,2024-09-07,4608
Başakşehir-Metrokent,M3,2024-09-08,3297
Başakşehir-Metrokent,M3,2024-09-09,3842
Bostancı,M4,2024-09-01,5028
Bostancı,M4,2024-09-02,2
Bostancı,M4,2024-09-04,11593
Bostancı,M4,2024-09-05,11446
Bostancı,M4,2024-09-06,11517
Bostancı,M4,2024-09-07,8297
Bostancı,M4,2024-09-08,5554
Bostancı,M4,2024-09-09,8088
Bostancı,M8,2024-09-01,4693
Bostancı,M8,2024-09-04,7193
Bostancı,M8,2024-09-05,7531
Bostancı,M8,2024-09-06,7506
Bostancı,M8,2024-09-07,6330
Bostancı,M8,2024-09-08,4959
Bostancı,M8,2024-09-09,3243
Boğaziçi Üniversitesi/Hisarüstü,M6,2024-09-01,1494
Boğaziçi Üniversitesi/Hisarüstü,M6,2024-09-04,2083
Boğaziçi Üniversitesi/Hisarüstü,M6,2024-09-05,2108
Boğaziçi Üniversitesi/Hisarüstü,M6,2024-09-06,2291
Boğaziçi Üniversitesi/Hisarüstü,M6,2024-09-07,2111
Boğaziçi Üniversitesi/Hisarüstü,M6,2024-09-08,1714
Boğaziçi Üniversitesi/Hisarüstü,M6,2024-09-09,1095
Bulgurlu,M5,2024-09-01,7355
Bulgurlu,M5,2024-09-04,13952
Bulgurlu,M5,2024-09-05,13962
Bulgurlu,M5,2024-09-06,14323
Bulgurlu,M5,2024-09-07,10914
Bulgurlu,M5,2024-09-08,7430
Bulgurlu,M5,2024-09-09,11653
CIRCIR,M7,2024-09-01,3040
CIRCIR,M7,2024-09-04,5830
CIRCIR,M7,2024-09-05,5943
CIRCIR,M7,2024-09-06,5949
CIRCIR,M7,2024-09-07,4626
CIRCIR,M7,2024-09-08,3231
CIRCIR,M7,2024-09-09,5314
Darüşşafaka,M2,2024-09-01,1818
Darüşşafaka,M2,2024-09-04,4015
Darüşşafaka,M2,2024-09-05,3891
Darüşşafaka,M2,2024-09-06,4313
Darüşşafaka,M2,2024-09-07,4016
Darüşşafaka,M2,2024-09-08,3340
Darüşşafaka,M2,2024-09-09,3275
Davutpaşa-YTÜ,M1,2024-09-01,2804
Davutpaşa-YTÜ,M1,2024-09-02,1
Davutpaşa-YTÜ,M1,2024-09-03,2
Davutpaşa-YTÜ,M1,2024-09-04,5758
Davutpaşa-YTÜ,M1,2024-09-05,6133
Davutpaşa-YTÜ,M1,2024-09-06,5841
Davutpaşa-YTÜ,M1,2024-09-07,4910
Davutpaşa-YTÜ,M1,2024-09-08,3460
Davutpaşa-YTÜ,M1,2024-09-09,4427
Doğu Sanayi,M9,2024-09-01,1157
Doğu Sanayi,M9,2024-09-04,2850
Doğu Sanayi,M9,2024-09-05,2934
Doğu Sanayi,M9,2024-09-06,3081
Doğu Sanayi,M9,2024-09-07,2545
Doğu Sanayi,M9,2024-09-08,1788
Doğu Sanayi,M9,2024-09-09,1587
Dudullu,M5,2024-09-01,9383
Dudullu,M5,2024-09-04,18163
Dudullu,M5,2024-09-05,18297
Dudullu,M5,2024-09-06,18447
Dudullu,M5,2024-09-07,14557
Dudullu,M5,2024-09-08,9891
Dudullu,M5,2024-09-09,10854
Dudullu,M8,2024-09-01,5983
Dudullu,M8,2024-09-04,12959
Dudullu,M8,2024-09-05,13131
Dudullu,M8,2024-09-06,13334
Dudullu,M8,2024-09-07,9826
Dudullu,M8,2024-09-08,6595
Dudullu,M8,2024-09-09,10345
Emin Ali Paşa,M8,2024-09-01,472
Emin Ali Paşa,M8,2024-09-04,1203
Emin Ali Paşa,M8,2024-09-05,1126
Emin Ali Paşa,M8,2024-09-06,1138
Emin Ali Paşa,M8,2024-09-07,878
Emin Ali Paşa,M8,2024-09-08,538
Emin Ali Paşa,M8,2024-09-09,807
Emniyet-Fatih,M1,2024-09-01,6884
Emniyet-Fatih,M1,2024-09-03,1
Emniyet-Fatih,M1,2024-09-04,15648
Emniyet-Fatih,M1,2024-09-05,15579
Emniyet-Fatih,M1,2024-09-06,15384
Emniyet-Fatih,M1,2024-09-07,10376
Emniyet-Fatih,M1,2024-09-08,7379
Emniyet-Fatih,M1,2024-09-09,8197
Esenkent,M4,2024-09-01,6811
Esenkent,M4,2024-09-03,1
Esenkent,M4,2024-09-04,8852
Esenkent,M4,2024-09-05,9133
Esenkent,M4,2024-09-06,9593
Esenkent,M4,2024-09-07,8976
Esenkent,M4,2024-09-08,8365
Esenkent,M4,2024-09-09,4249
Esenler,M1,2024-09-01,6976
Esenler,M1,2024-09-04,9650
Esenler,M1,2024-09-05,10225
Esenler,M1,2024-09-06,10271
Esenler,M1,2024-09-07,10194
Esenler,M1,2024-09-08,7241
Esenler,M1,2024-09-09,7824
Etiler,M6,2024-09-01,515
Etiler,M6,2024-09-04,1512
Etiler,M6,2024-09-05,1542
Etiler,M6,2024-09-06,1556
Etiler,M6,2024-09-07,1000
Etiler,M6,2024-09-08,523
Etiler,M6,2024-09-09,1151
FISTIKAGACI,M5,2024-09-01,1717
FISTIKAGACI,M5,2024-09-04,2715
FISTIKAGACI,M5,2024-09-05,2691
FISTIKAGACI,M5,2024-09-06,2782
FISTIKAGACI,M5,2024-09-07,2356
FISTIKAGACI,M5,2024-09-08,1683
FISTIKAGACI,M5,2024-09-09,3499
Fevzi Çakmak-Hastane,M4,2024-09-01,3322
Fevzi Çakmak-Hastane,M4,2024-09-04,6934
Fevzi Çakmak-Hastane,M4,2024-09-05,6741
Fevzi Çakmak-Hastane,M4,2024-09-06,6970
Fevzi Çakmak-Hastane,M4,2024-09-07,4446
Fevzi Çakmak-Hastane,M4,2024-09-08,3451
Fevzi Çakmak-Hastane,M4,2024-09-09,5735
Fulya,M7,2024-09-01,401
Fulya,M7,2024-09-04,1279
Fulya,M7,2024-09-05,1277
Fulya,M7,2024-09-06,1254
Fulya,M7,2024-09-07,922
Fulya,M7,2024-09-08,545
Fulya,M7,2024-09-09,651
Gayrettepe,M2,2024-09-01,10695
Gayrettepe,M2,2024-09-02,2
Gayrettepe,M2,2024-09-03,3
Gayrettepe,M2,2024-09-04,27559
Gayrettepe,M2,2024-09-05,27506
Gayrettepe,M2,2024-09-06,27395
Gayrettepe,M2,2024-09-07,16916
Gayrettepe,M2,2024-09-08,12033
Gayrettepe,M2,2024-09-09,15942
Göztepe,M4,2024-09-01,4587
Göztepe,M4,2024-09-04,9894
Göztepe,M4,2024-09-05,10091
Göztepe,M4,2024-09-06,10047
Göztepe,M4,2024-09-07,6889
Göztepe,M4,2024-09-08,4892
Göztepe,M4,2024-09-09,6996
Göztepe,M7,2024-09-01,4294
Göztepe,M7,2024-09-04,7845
Göztepe,M7,2024-09-05,7879
Göztepe,M7,2024-09-06,8109
Göztepe,M7,2024-09-07,6475
Göztepe,M7,2024-09-08,4665
Göztepe,M7,2024-09-09,6642
Gülsuyu,M4,2024-09-01,2198
Gülsuyu,M4,2024-09-04,4763
Gülsuyu,M4,2024-09-05,4780
Gülsuyu,M4,2024-09-06,4845
Gülsuyu,M4,2024-09-07,3292
Gülsuyu,M4,2024-09-08,2334
Gülsuyu,M4,2024-09-09,3695
HAVAALANI,M1,2024-09-01,246
HAVAALANI,M1,2024-09-04,886
HAVAALANI,M1,2024-09-05,881
HAVAALANI,M1,2024-09-06,841
HAVAALANI,M1,2024-09-07,416
HAVAALANI,M1,2024-09-08,248
HAVAALANI,M1,2024-09-09,413
Hacıosman,M2,2024-09-01,7308
Hacıosman,M2,2024-09-04,13699
Hacıosman,M2,2024-09-05,14102
Hacıosman,M2,2024-09-06,14444
Hacıosman,M2,2024-09-07,11991
Hacıosman,M2,2024-09-08,7904
Hacıosman,M2,2024-09-09,10202
Haliç,M2,2024-09-01,7457
Haliç,M2,2024-09-02,1
Haliç,M2,2024-09-03,1
Haliç,M2,2024-09-04,11131
Haliç,M2,2024-09-05,11102
Haliç,M2,2024-09-06,11600
Haliç,M2,2024-09-07,11455
Haliç,M2,2024-09-08,7840
Haliç,M2,2024-09-09,4544
Halkalı,M9,2024-09-01,1049
Halkalı,M9,2024-09-04,1853
Halkalı,M9,2024-09-05,1978
Halkalı,M9,2024-09-06,1967
Halkalı,M9,2024-09-07,1557
Halkalı,M9,2024-09-08,1173
Halkalı,M9,2024-09-09,1631
Hastane-Adliye,M4,2024-09-01,3083
Hastane-Adliye,M4,2024-09-04,11056
Hastane-Adliye,M4,2024-09-05,10893
Hastane-Adliye,M4,2024-09-06,11070
Hastane-Adliye,M4,2024-09-07,3893
Hastane-Adliye,M4,2024-09-08,3211
Hastane-Adliye,M4,2024-09-09,7667
Haznedar,M3,2024-09-01,1405
Haznedar,M3,2024-09-04,2706
Haznedar,M3,2024-09-05,2774
Haznedar,M3,2024-09-06,2785
Haznedar,M3,2024-09-07,2365
Haznedar,M3,2024-09-08,1368
Haznedar,M3,2024-09-09,2028
Huzur,M8,2024-09-01,1082
Huzur,M8,2024-09-04,2175
Huzur,M8,2024-09-05,2176
Huzur,M8,2024-09-06,2246
Huzur,M8,2024-09-07,1737
Huzur,M8,2024-09-08,1185
Huzur,M8,2024-09-09,2207
Huzurevi,M4,2024-09-01,4204
Huzurevi,M4,2024-09-04,7866
Huzurevi,M4,2024-09-05,7987
Huzurevi,M4,2024-09-06,7991
Huzurevi,M4,2024-09-07,5932
Huzurevi,M4,2024-09-08,4493
Huzurevi,M4,2024-09-09,6405
IDTM,M1,2024-09-01,504
IDTM,M1,2024-09-04,3720
IDTM,M1,2024-09-05,3761
IDTM,M1,2024-09-06,3481
IDTM,M1,2024-09-07,1493
IDTM,M1,2024-09-08,633
IDTM,M1,2024-09-09,678
Ihlamurkuyu,M5,2024-09-01,4134
Ihlamurkuyu,M5,2024-09-02,1
Ihlamurkuyu,M5,2024-09-04,7147
Ihlamurkuyu,M5,2024-09-05,7354
Ihlamurkuyu,M5,2024-09-06,7354
Ihlamurkuyu,M5,2024-09-07,5906
Ihlamurkuyu,M5,2024-09-08,4166
Ihlamurkuyu,M5,2024-09-09,6142
KADIKOY,M4,2024-09-01,19718
KADIKOY,M4,2024-09-03,2
KADIKOY,M4,2024-09-04,25884
KADIKOY,M4,2024-09-05,25918
KADIKOY,M4,2024-09-06,26752
KADIKOY,M4,2024-09-07,28639
KADIKOY,M4,2024-09-08,22143
KADIKOY,M4,2024-09-09,8366
KAGITHANE,M7,2024-09-01,8163
KAGITHANE,M7,2024-09-02,1
KAGITHANE,M7,2024-09-03,1
KAGITHANE,M7,2024-09-04,14737
KAGITHANE,M7,2024-09-05,14724
KAGITHANE,M7,2024-09-06,14693
KAGITHANE,M7,2024-09-07,11221
KAGITHANE,M7,2024-09-08,7961
KAGITHANE,M7,2024-09-09,8552
KARADENIZ MAH.,M7,2024-09-01,11403
KARADENIZ MAH.,M7,2024-09-04,16886
KARADENIZ MAH.,M7,2024-09-05,16962
KARADENIZ MAH.,M7,2024-09-06,17206
KARADENIZ MAH.,M7,2024-09-07,15402
KARADENIZ MAH.,M7,2024-09-08,11739
KARADENIZ MAH.,M7,2024-09-09,12436
KAYISDAGI,M8,2024-09-01,897
KAYISDAGI,M8,2024-09-04,2308
KAYISDAGI,M8,2024-09-05,2255
KAYISDAGI,M8,2024-09-06,2452
KAYISDAGI,M8,2024-09-07,1601
KAYISDAGI,M8,2024-09-08,1084
KAYISDAGI,M8,2024-09-09,1981
KAZIMKARABEKIR,M7,2024-09-01,7948
KAZIMKARABEKIR,M7,2024-09-03,1
KAZIMKARABEKIR,M7,2024-09-04,12878
KAZIMKARABEKIR,M7,2024-09-05,12889
KAZIMKARABEKIR,M7,2024-09-06,13251
KAZIMKARABEKIR,M7,2024-09-07,10628
KAZIMKARABEKIR,M7,2024-09-08,7494
KAZIMKARABEKIR,M7,2024-09-09,11427
KUCUKBAKKALKOY,M8,2024-09-01,901
KUCUKBAKKALKOY,M8,2024-09-04,2813
KUCUKBAKKALKOY,M8,2024-09-05,2877
KUCUKBAKKALKOY,M8,2024-09-06,2887
KUCUKBAKKALKOY,M8,2024-09-07,1921
KUCUKBAKKALKOY,M8,2024-09-08,1077
KUCUKBAKKALKOY,M8,2024-09-09,1871
KURTKOY,M4,2024-09-01,4418
KURTKOY,M4,2024-09-04,7716
KURTKOY,M4,2024-09-05,7884
KURTKOY,M4,2024-09-06,7965
KURTKOY,M4,2024-09-07,5967
KURTKOY,M4,2024-09-08,4467
KURTKOY,M4,2024-09-09,6478
Kartal,M1,2024-09-01,19102
Kartal,M1,2024-09-02,1
Kartal,M1,2024-09-03,1
Kartal,M1,2024-09-04,22177
Kartal,M1,2024-09-05,22681
Kartal,M1,2024-09-06,23672
Kartal,M1,2024-09-07,25404
Kartal,M1,2024-09-08,22670
Kartal,M1,2024-09-09,11321
Kartal,M4,2024-09-01,4546
Kartal,M4,2024-09-04,8612
Kartal,M4,2024-09-05,8677
Kartal,M4,2024-09-06,8994
Kartal,M4,2024-09-07,6547
Kartal,M4,2024-09-08,4869
Kartal,M4,2024-09-09,6886
Kayaşehir Merkez,M3,2024-09-01,2946
Kayaşehir Merkez,M3,2024-09-02,1
Kayaşehir Merkez,M3,2024-09-04,4549
Kayaşehir Merkez,M3,2024-09-05,4718
Kayaşehir Merkez,M3,2024-09-06,4701
Kayaşehir Merkez,M3,2024-09-07,4375
Kayaşehir Merkez,M3,2024-09-08,3152
Kayaşehir Merkez,M3,2024-09-09,3646
Kirazlı,M1,2024-09-01,8265
Kirazlı,M1,2024-09-04,11883
Kirazlı,M1,2024-09-05,12028
Kirazlı,M1,2024-09-06,12452
Kirazlı,M1,2024-09-07,11264
Kirazlı,M1,2024-09-08,8584
Kirazlı,M1,2024-09-09,9383
Kirazlı,M3,2024-09-01,3999
Kirazlı,M3,2024-09-04,7623
Kirazlı,M3,2024-09-05,7762
Kirazlı,M3,2024-09-06,7780
Kirazlı,M3,2024-09-07,6629
Kirazlı,M3,2024-09-08,4083
Kirazlı,M3,2024-09-09,6854
Kozyatağı,M4,2024-09-01,7740
Kozyatağı,M4,2024-09-04,19296
Kozyatağı,M4,2024-09-05,19429
Kozyatağı,M4,2024-09-06,19574
Kozyatağı,M4,2024-09-07,13010
Kozyatağı,M4,2024-09-08,8591
Kozyatağı,M4,2024-09-09,11447
Kozyatağı,M8,2024-09-01,4303
Kozyatağı,M8,2024-09-04,10077
Kozyatağı,M8,2024-09-05,10180
Kozyatağı,M8,2024-09-06,10405
Kozyatağı,M8,2024-09-07,6945
Kozyatağı,M8,2024-09-08,4856
Kozyatağı,M8,2024-09-09,5506
Küçükyalı,M4,2024-09-01,4972
Küçükyalı,M4,2024-09-04,9480
Küçükyalı,M4,2024-09-05,9610
Küçükyalı,M4,2024-09-06,9891
Küçükyalı,M4,2024-09-07,7403
Küçükyalı,M4,2024-09-08,5860
Küçükyalı,M4,2024-09-09,6191
Kısıklı,M5,2024-09-01,1538
Kısıklı,M5,2024-09-02,1
Kısıklı,M5,2024-09-04,2768
Kısıklı,M5,2024-09-05,2876
Kısıklı,M5,2024-09-06,2937
Kısıklı,M5,2024-09-07,2132
Kısıklı,M5,2024-09-08,1529
Kısıklı,M5,2024-09-09,2269
Levent,M2,2024-09-01,25369
Levent,M2,2024-09-02,1
Levent,M2,2024-09-04,53002
Levent,M2,2024-09-05,54929
Levent,M2,2024-09-06,53557
Levent,M2,2024-09-07,38359
Levent,M2,2024-09-08,26967
Levent,M2,2024-09-09,29784
Levent,M6,2024-09-01,3339
Levent,M6,2024-09-04,5917
Levent,M6,2024-09-05,6010
Levent,M6,2024-09-06,6168
Levent,M6,2024-09-07,4906
Levent,M6,2024-09-08,3583
Levent,M6,2024-09-09,5154
M7 YILDIZ,M7,2024-09-01,2683
M7 YILDIZ,M7,2024-09-04,3947
M7 YILDIZ,M7,2024-09-05,3894
M7 YILDIZ,M7,2024-09-06,3775
M7 YILDIZ,M7,2024-09-07,3272
M7 YILDIZ,M7,2024-09-08,2470
M7 YILDIZ,M7,2024-09-09,1481
MODOKO KEYAP,M8,2024-09-01,617
MODOKO KEYAP,M8,2024-09-04,1847
MODOKO KEYAP,M8,2024-09-05,1840
MODOKO KEYAP,M8,2024-09-06,1910
MODOKO KEYAP,M8,2024-09-07,1114
MODOKO KEYAP,M8,2024-09-08,669
MODOKO KEYAP,M8,2024-09-09,998
Mahmutbey,M3,2024-09-01,10387
Mahmutbey,M3,2024-09-04,20134
Mahmutbey,M3,2024-09-05,20577
Mahmutbey,M3,2024-09-06,20354
Mahmutbey,M3,2024-09-07,15504
Mahmutbey,M3,2024-09-08,10007
Mahmutbey,M3,2024-09-09,14196
Mahmutbey,M7,2024-09-01,10649
Mahmutbey,M7,2024-09-02,4
Mahmutbey,M7,2024-09-03,1
Mahmutbey,M7,2024-09-04,21623
Mahmutbey,M7,2024-09-05,22157
Mahmutbey,M7,2024-09-06,21959
Mahmutbey,M7,2024-09-07,16432
Mahmutbey,M7,2024-09-08,10690
Mahmutbey,M7,2024-09-09,13230
Maltepe,M4,2024-09-01,5889
Maltepe,M4,2024-09-02,1
Maltepe,M4,2024-09-03,1
Maltepe,M4,2024-09-04,13085
Maltepe,M4,2024-09-05,13226
Maltepe,M4,2024-09-06,13379
Maltepe,M4,2024-09-07,8993
Maltepe,M4,2024-09-08,6501
Maltepe,M4,2024-09-09,10165
Masko,M9,2024-09-01,5292
Masko,M9,2024-09-04,5002
Masko,M9,2024-09-05,5419
Masko,M9,2024-09-06,5631
Masko,M9,2024-09-07,6436
Masko,M9,2024-09-08,6532
Masko,M9,2024-09-09,1045
Meclis,M5,2024-09-01,3107
Meclis,M5,2024-09-04,4829
Meclis,M5,2024-09-05,5018
Meclis,M5,2024-09-06,5101
Meclis,M5,2024-09-07,4284
Meclis,M5,2024-09-08,3282
Meclis,M5,2024-09-09,4261
Menderes,M1,2024-09-01,8806
Menderes,M1,2024-09-02,1
Menderes,M1,2024-09-04,12394
Menderes,M1,2024-09-05,12708
Menderes,M1,2024-09-06,12901
Menderes,M1,2024-09-07,12362
Menderes,M1,2024-09-08,9184
Menderes,M1,2024-09-09,10491
Merter,M1,2024-09-01,3965
Merter,M1,2024-09-02,1
Merter,M1,2024-09-04,7036
Merter,M1,2024-09-05,7282
Merter,M1,2024-09-06,7293
Merter,M1,2024-09-07,5777
Merter,M1,2024-09-08,4157
Merter,M1,2024-09-09,3262
Mevlana,M8,2024-09-01,1494
Mevlana,M8,2024-09-04,3148
Mevlana,M8,2024-09-05,3287
Mevlana,M8,2024-09-06,3268
Mevlana,M8,2024-09-07,2534
Mevlana,M8,2024-09-08,1595
Mevlana,M8,2024-09-09,3161
Mimar Sinan,M9,2024-09-01,369
Mimar Sinan,M9,2024-09-04,1001
Mimar Sinan,M9,2024-09-05,1013
Mimar Sinan,M9,2024-09-06,1089
Mimar Sinan,M9,2024-09-07,682
Mimar Sinan,M9,2024-09-08,431
Mimar Sinan,M9,2024-09-09,574
Molla Gürani,M3,2024-09-01,4221
Molla Gürani,M3,2024-09-04,6268
Molla Gürani,M3,2024-09-05,6386
Molla Gürani,M3,2024-09-06,6436
Molla Gürani,M3,2024-09-07,5874
Molla Gürani,M3,2024-09-08,4257
Molla Gürani,M3,2024-09-09,6005
Necip Fazıl,M5,2024-09-01,5267
Necip Fazıl,M5,2024-09-04,8214
Necip Fazıl,M5,2024-09-05,8491
Necip Fazıl,M5,2024-09-06,8696
Necip Fazıl,M5,2024-09-07,7794
Necip Fazıl,M5,2024-09-08,6385
Necip Fazıl,M5,2024-09-09,5497
Nispetiye,M6,2024-09-01,563
Nispetiye,M6,2024-09-04,1168
Nispetiye,M6,2024-09-05,1253
Nispetiye,M6,2024-09-06,1225
Nispetiye,M6,2024-09-07,777
Nispetiye,M6,2024-09-08,468
Nispetiye,M6,2024-09-09,758
Nurtepe,M7,2024-09-01,4093
Nurtepe,M7,2024-09-02,1
Nurtepe,M7,2024-09-03,1
Nurtepe,M7,2024-09-04,6375
Nurtepe,M7,2024-09-05,6598
Nurtepe,M7,2024-09-06,6657
Nurtepe,M7,2024-09-07,5588
Nurtepe,M7,2024-09-08,3940
Nurtepe,M7,2024-09-09,5466
Olimpiyat,M9,2024-09-01,4011
Olimpiyat,M9,2024-09-04,6764
Olimpiyat,M9,2024-09-05,7046
Olimpiyat,M9,2024-09-06,7171
Olimpiyat,M9,2024-09-07,6476
Olimpiyat,M9,2024-09-08,4334
Olimpiyat,M9,2024-09-09,6254
Onurkent,M3,2024-09-01,1163
Onurkent,M3,2024-09-04,1899
Onurkent,M3,2024-09-05,1887
Onurkent,M3,2024-09-06,1966
Onurkent,M3,2024-09-07,1781
Onurkent,M3,2024-09-08,1378
Onurkent,M3,2024-09-09,1949
Oruçreis,M7,2024-09-01,4511
Oruçreis,M7,2024-09-02,2
Oruçreis,M7,2024-09-04,6353
Oruçreis,M7,2024-09-05,6358
Oruçreis,M7,2024-09-06,6516
Oruçreis,M7,2024-09-07,6060
Oruçreis,M7,2024-09-08,4575
Oruçreis,M7,2024-09-09,5835
Osmanbey,M2,2024-09-01,15571
Osmanbey,M2,2024-09-02,4
Osmanbey,M2,2024-09-03,5
Osmanbey,M2,2024-09-04,38719
Osmanbey,M2,2024-09-05,39268
Osmanbey,M2,2024-09-06,40571
Osmanbey,M2,2024-09-07,29102
Osmanbey,M2,2024-09-08,17748
Osmanbey,M2,2024-09-09,18690
Otogar,M1,2024-09-01,15034
Otogar,M1,2024-09-02,8
Otogar,M1,2024-09-04,11769
Otogar,M1,2024-09-05,11802
Otogar,M1,2024-09-06,12280
Otogar,M1,2024-09-07,12487
Otogar,M1,2024-09-08,13400
Otogar,M1,2024-09-09,8093
Parseller,M8,2024-09-01,877
Parseller,M8,2024-09-04,1547
Parseller,M8,2024-09-05,1531
Parseller,M8,2024-09-06,1537
Parseller,M8,2024-09-07,1265
Parseller,M8,2024-09-08,866
Parseller,M8,2024-09-09,1419
Pendik,M4,2024-09-01,4431
Pendik,M4,2024-09-02,1
Pendik,M4,2024-09-04,7725
Pendik,M4,2024-09-05,7708
Pendik,M4,2024-09-06,8006
Pendik,M4,2024-09-07,6206
Pendik,M4,2024-09-08,4729
Pendik,M4,2024-09-09,5828
SAMANDIRA MERKEZ,M5,2024-09-01,6972
SAMANDIRA MERKEZ,M5,2024-09-04,11778
SAMANDIRA MERKEZ,M5,2024-09-05,12116
SAMANDIRA MERKEZ,M5,2024-09-06,12193
SAMANDIRA MERKEZ,M5,2024-09-07,10094
SAMANDIRA MERKEZ,M5,2024-09-08,7558
SAMANDIRA MERKEZ,M5,2024-09-09,9362
SARIGAZI,M5,2024-09-01,8663
SARIGAZI,M5,2024-09-02,2
SARIGAZI,M5,2024-09-04,11755
SARIGAZI,M5,2024-09-05,12083
SARIGAZI,M5,2024-09-06,12378
SARIGAZI,M5,2024-09-07,11519
SARIGAZI,M5,2024-09-08,8736
SARIGAZI,M5,2024-09-09,10397
Sabiha Gökçen Havalimanı,M4,2024-09-01,11016
Sabiha Gökçen Havalimanı,M4,2024-09-02,4
Sabiha Gökçen Havalimanı,M4,2024-09-03,4
Sabiha Gökçen Havalimanı,M4,2024-09-04,8540
Sabiha Gökçen Havalimanı,M4,2024-09-05,8798
Sabiha Gökçen Havalimanı,M4,2024-09-06,9004
Sabiha Gökçen Havalimanı,M4,2024-09-07,9279
Sabiha Gökçen Havalimanı,M4,2024-09-08,9768
Sabiha Gökçen Havalimanı,M4,2024-09-09,5179
Sanayi Mahallesi,M2,2024-09-01,2546
Sanayi Mahallesi,M2,2024-09-04,8947
Sanayi Mahallesi,M2,2024-09-05,9142
Sanayi Mahallesi,M2,2024-09-06,8977
Sanayi Mahallesi,M2,2024-09-07,4738
Sanayi Mahallesi,M2,2024-09-08,2905
Sanayi Mahallesi,M2,2024-09-09,4222
Sancaktepe,M5,2024-09-01,2426
Sancaktepe,M5,2024-09-04,3994
Sancaktepe,M5,2024-09-05,4140
Sancaktepe,M5,2024-09-06,4166
Sancaktepe,M5,2024-09-07,3361
Sancaktepe,M5,2024-09-08,2328
Sancaktepe,M5,2024-09-09,3124
Sağmalcılar,M1,2024-09-01,7626
Sağmalcılar,M1,2024-09-04,13086
Sağmalcılar,M1,2024-09-05,13518
Sağmalcılar,M1,2024-09-06,13438
Sağmalcılar,M1,2024-09-07,11682
Sağmalcılar,M1,2024-09-08,8028
Sağmalcılar,M1,2024-09-09,10133
Seyrantepe,M2,2024-09-01,2933
Seyrantepe,M2,2024-09-04,8236
Seyrantepe,M2,2024-09-05,8342
Seyrantepe,M2,2024-09-06,8125
Seyrantepe,M2,2024-09-07,4440
Seyrantepe,M2,2024-09-08,3390
Seyrantepe,M2,2024-09-09,5193
Siteler,M3,2024-09-01,452
Siteler,M3,2024-09-04,3265
Siteler,M3,2024-09-05,3168
Siteler,M3,2024-09-06,3158
Siteler,M3,2024-09-07,1763
Siteler,M3,2024-09-08,503
Siteler,M3,2024-09-09,918
Soğanlık,M4,2024-09-01,4215
Soğanlık,M4,2024-09-02,2
Soğanlık,M4,2024-09-04,8410
Soğanlık,M4,2024-09-05,8203
Soğanlık,M4,2024-09-06,8510
Soğanlık,M4,2024-09-07,6418
Soğanlık,M4,2024-09-08,4262
Soğanlık,M4,2024-09-09,6536
Taksim,M2,2024-09-01,19141
Taksim,M2,2024-09-02,10
Taksim,M2,2024-09-03,2
Taksim,M2,2024-09-04,26716
Taksim,M2,2024-09-05,27390
Taksim,M2,2024-09-06,26986
Taksim,M2,2024-09-07,22906
Taksim,M2,2024-09-08,20285
Taksim,M2,2024-09-09,11295
Tavşantepe,M4,2024-09-01,5296
Tavşantepe,M4,2024-09-02,5
Tavşantepe,M4,2024-09-04,10139
Tavşantepe,M4,2024-09-05,10202
Tavşantepe,M4,2024-09-06,10536
Tavşantepe,M4,2024-09-07,7047
Tavşantepe,M4,2024-09-08,5456
Tavşantepe,M4,2024-09-09,8300
Tekstilkent-Giyimkent,M7,2024-09-01,901
Tekstilkent-Giyimkent,M7,2024-09-04,4313
Tekstilkent-Giyimkent,M7,2024-09-05,4201
Tekstilkent-Giyimkent,M7,2024-09-06,4225
Tekstilkent-Giyimkent,M7,2024-09-07,2167
Tekstilkent-Giyimkent,M7,2024-09-08,1012
Tekstilkent-Giyimkent,M7,2024-09-09,1706
Terazidere,M1,2024-09-01,5291
Terazidere,M1,2024-09-03,1
Terazidere,M1,2024-09-04,9419
Terazidere,M1,2024-09-05,9669
Terazidere,M1,2024-09-06,9790
Terazidere,M1,2024-09-07,8626
Terazidere,M1,2024-09-08,5688
Terazidere,M1,2024-09-09,6925
Toplu Konutlar,M3,2024-09-01,2139
Toplu Konutlar,M3,2024-09-04,3587
Toplu Konutlar,M3,2024-09-05,3693
Toplu Konutlar,M3,2024-09-06,3657
Toplu Konutlar,M3,2024-09-07,3049
Toplu Konutlar,M3,2024-09-08,2294
Toplu Konutlar,M3,2024-09-09,3512
Turgut Özal,M3,2024-09-01,588
Turgut Özal,M3,2024-09-04,4127
Turgut Özal,M3,2024-09-05,4170
Turgut Özal,M3,2024-09-06,4141
Turgut Özal,M3,2024-09-07,2110
Turgut Özal,M3,2024-09-08,617
Turgut Özal,M3,2024-09-09,1503
ULUBATLI,M1,2024-09-01,6612
ULUBATLI,M1,2024-09-02,3
ULUBATLI,M1,2024-09-03,1
ULUBATLI,M1,2024-09-04,10599
ULUBATLI,M1,2024-09-05,10857
ULUBATLI,M1,2024-09-06,11122
ULUBATLI,M1,2024-09-07,9423
ULUBATLI,M1,2024-09-08,6811
ULUBATLI,M1,2024-09-09,7238
VEYSELKARANI,M7,2024-09-01,5922
VEYSELKARANI,M7,2024-09-04,9594
VEYSELKARANI,M7,2024-09-05,9692
VEYSELKARANI,M7,2024-09-06,9704
VEYSELKARANI,M7,2024-09-07,8198
VEYSELKARANI,M7,2024-09-08,6208
VEYSELKARANI,M7,2024-09-09,8216
Vezneciler,M2,2024-09-01,4810
Vezneciler,M2,2024-09-03,1
Vezneciler,M2,2024-09-04,12830
Vezneciler,M2,2024-09-05,13820
Vezneciler,M2,2024-09-06,13100
Vezneciler,M2,2024-09-07,9214
Vezneciler,M2,2024-09-08,5343
Vezneciler,M2,2024-09-09,6370
YAKACIK,M4,2024-09-01,3163
YAKACIK,M4,2024-09-04,6258
YAKACIK,M4,2024-09-05,6248
YAKACIK,M4,2024-09-06,6472
YAKACIK,M4,2024-09-07,4705
YAKACIK,M4,2024-09-08,3221
YAKACIK,M4,2024-09-09,4862
YENI MAHALLE,M3,2024-09-01,3586
YENI MAHALLE,M3,2024-09-02,1
YENI MAHALLE,M3,2024-09-03,1
YENI MAHALLE,M3,2024-09-04,6376
YENI MAHALLE,M3,2024-09-05,6460
YENI MAHALLE,M3,2024-09-06,6558
YENI MAHALLE,M3,2024-09-07,5666
YENI MAHALLE,M3,2024-09-08,3808
YENI MAHALLE,M3,2024-09-09,5742
YESILPINAR,M7,2024-09-01,4492
YESILPINAR,M7,2024-09-04,7860
YESILPINAR,M7,2024-09-05,7857
YESILPINAR,M7,2024-09-06,8011
YESILPINAR,M7,2024-09-07,6641
YESILPINAR,M7,2024-09-08,4679
YESILPINAR,M7,2024-09-09,7009
Yamanevler,M5,2024-09-01,5613
Yamanevler,M5,2024-09-03,1
Yamanevler,M5,2024-09-04,8727
Yamanevler,M5,2024-09-05,9105
Yamanevler,M5,2024-09-06,9268
Yamanevler,M5,2024-09-07,8064
Yamanevler,M5,2024-09-08,6097
Yamanevler,M5,2024-09-09,6311
Yayalar-Şeyhli,M4,2024-09-01,2124
Yayalar-Şeyhli,M4,2024-09-04,4230
Yayalar-Şeyhli,M4,2024-09-05,4271
Yayalar-Şeyhli,M4,2024-09-06,4272
Yayalar-Şeyhli,M4,2024-09-07,3203
Yayalar-Şeyhli,M4,2024-09-08,2391
Yayalar-Şeyhli,M4,2024-09-09,4037
Yenibosna,M1,2024-09-01,3921
Yenibosna,M1,2024-09-04,7816
Yenibosna,M1,2024-09-05,8105
Yenibosna,M1,2024-09-06,7841
Yenibosna,M1,2024-09-07,6221
Yenibosna,M1,2024-09-08,4047
Yenibosna,M1,2024-09-09,5041
Yenibosna,M9,2024-09-01,4076
Yenibosna,M9,2024-09-03,1
Yenibosna,M9,2024-09-04,8825
Yenibosna,M9,2024-09-05,8797
Yenibosna,M9,2024-09-06,8829
Yenibosna,M9,2024-09-07,6396
Yenibosna,M9,2024-09-08,4219
Yenibosna,M9,2024-09-09,5989
Yenikapı,M1,2024-09-01,30311
Yenikapı,M1,2024-09-04,44682
Yenikapı,M1,2024-09-05,45772
Yenikapı,M1,2024-09-06,46467
Yenikapı,M1,2024-09-07,39891
Yenikapı,M1,2024-09-08,31847
Yenikapı,M1,2024-09-09,17704
Yenikapı,M2,2024-09-01,33176
Yenikapı,M2,2024-09-02,2
Yenikapı,M2,2024-09-04,56556
Yenikapı,M2,2024-09-05,57930
Yenikapı,M2,2024-09-06,58885
Yenikapı,M2,2024-09-07,46624
Yenikapı,M2,2024-09-08,34533
Yenikapı,M2,2024-09-09,41871
Yenimahalle,M7,2024-09-01,5180
Yenimahalle,M7,2024-09-04,9171
Yenimahalle,M7,2024-09-05,9182
Yenimahalle,M7,2024-09-06,9267
Yenimahalle,M7,2024-09-07,7384
Yenimahalle,M7,2024-09-08,4957
Yenimahalle,M7,2024-09-09,7939
Yenisahra,M4,2024-09-01,3567
Yenisahra,M4,2024-09-02,1
Yenisahra,M4,2024-09-03,1
Yenisahra,M4,2024-09-04,8182
Yenisahra,M4,2024-09-05,8243
Yenisahra,M4,2024-09-06,8279
Yenisahra,M4,2024-09-07,5862
Yenisahra,M4,2024-09-08,3722
Yenisahra,M4,2024-09-09,4467
Zeytinburnu,M1,2024-09-01,8056
Zeytinburnu,M1,2024-09-02,1
Zeytinburnu,M1,2024-09-04,12388
Zeytinburnu,M1,2024-09-05,12578
Zeytinburnu,M1,2024-09-06,12724
Zeytinburnu,M1,2024-09-07,11633
Zeytinburnu,M1,2024-09-08,8114
Zeytinburnu,M1,2024-09-09,8319
Ziya Gökalp Mahallesi,M9,2024-09-01,1405
Ziya Gökalp Mahallesi,M9,2024-09-03,1
Ziya Gökalp Mahallesi,M9,2024-09-04,3076
Ziya Gökalp Mahallesi,M9,2024-09-05,3263
Ziya Gökalp Mahallesi,M9,2024-09-06,3249
Ziya Gökalp Mahallesi,M9,2024-09-07,2507
Ziya Gökalp Mahallesi,M9,2024-09-08,1456
Ziya Gökalp Mahallesi,M9,2024-09-09,1994
Çakmak,M5,2024-09-01,7261
Çakmak,M5,2024-09-04,13891
Çakmak,M5,2024-09-05,14318
Çakmak,M5,2024-09-06,14231
Çakmak,M5,2024-09-07,11636
Çakmak,M5,2024-09-08,7964
Çakmak,M5,2024-09-09,8506
Çarşı,M5,2024-09-01,10147
Çarşı,M5,2024-09-03,2
Çarşı,M5,2024-09-04,16601
Çarşı,M5,2024-09-05,17169
Çarşı,M5,2024-09-06,17700
Çarşı,M5,2024-09-07,16479
Çarşı,M5,2024-09-08,10789
Çarşı,M5,2024-09-09,11276
Çağlayan,M7,2024-09-01,3680
Çağlayan,M7,2024-09-02,1
Çağlayan,M7,2024-09-04,9678
Çağlayan,M7,2024-09-05,9764
Çağlayan,M7,2024-09-06,9848
Çağlayan,M7,2024-09-07,6098
Çağlayan,M7,2024-09-08,3592
Çağlayan,M7,2024-09-09,4488
Çekmeköy,M5,2024-09-01,10870
Çekmeköy,M5,2024-09-04,18186
Çekmeköy,M5,2024-09-05,18578
Çekmeköy,M5,2024-09-06,19209
Çekmeköy,M5,2024-09-07,16216
Çekmeköy,M5,2024-09-08,11935
Çekmeköy,M5,2024-09-09,14284
Çobançeşme,M9,2024-09-01,485
Çobançeşme,M9,2024-09-04,1556
Çobançeşme,M9,2024-09-05,1531
Çobançeşme,M9,2024-09-06,1596
Çobançeşme,M9,2024-09-07,865
Çobançeşme,M9,2024-09-08,498
Çobançeşme,M9,2024-09-09,764
Özgürlük Meydanı,M3,2024-09-01,10636
Özgürlük Meydanı,M3,2024-09-02,1
Özgürlük Meydanı,M3,2024-09-03,1
Özgürlük Meydanı,M3,2024-09-04,14712
Özgürlük Meydanı,M3,2024-09-05,15002
Özgürlük Meydanı,M3,2024-09-06,15056
Özgürlük Meydanı,M3,2024-09-07,15414
Özgürlük Meydanı,M3,2024-09-08,11237
Özgürlük Meydanı,M3,2024-09-09,5865
Ümraniye,M5,2024-09-01,8624
Ümraniye,M5,2024-09-02,1
Ümraniye,M5,2024-09-03,1
Ümraniye,M5,2024-09-04,16249
Ümraniye,M5,2024-09-05,16367
Ümraniye,M5,2024-09-06,16524
Ümraniye,M5,2024-09-07,14451
Ümraniye,M5,2024-09-08,9265
Ümraniye,M5,2024-09-09,12178
Ünalan,M4,2024-09-01,10742
Ünalan,M4,2024-09-02,2
Ünalan,M4,2024-09-04,18857
Ünalan,M4,2024-09-05,19046
Ünalan,M4,2024-09-06,20464
Ünalan,M4,2024-09-07,14686
Ünalan,M4,2024-09-08,11710
Ünalan,M4,2024-09-09,8956
Üsküdar,M5,2024-09-01,28631
Üsküdar,M5,2024-09-02,5
Üsküdar,M5,2024-09-04,44225
Üsküdar,M5,2024-09-05,45310
Üsküdar,M5,2024-09-06,46597
Üsküdar,M5,2024-09-07,40598
Üsküdar,M5,2024-09-08,30183
Üsküdar,M5,2024-09-09,15976
Üçyüzlü,M1,2024-09-01,7847
Üçyüzlü,M1,2024-09-04,12052
Üçyüzlü,M1,2024-09-05,12097
Üçyüzlü,M1,2024-09-06,12209
Üçyüzlü,M1,2024-09-07,11141
Üçyüzlü,M1,2024-09-08,7878
Üçyüzlü,M1,2024-09-09,10077
İMES,M8,2024-09-01,826
İMES,M8,2024-09-04,3403
İMES,M8,2024-09-05,3522
İMES,M8,2024-09-06,3458
İMES,M8,2024-09-07,1604
İMES,M8,2024-09-08,932
İMES,M8,2024-09-09,1498
İSTOÇ,M3,2024-09-01,266
İSTOÇ,M3,2024-09-04,3764
İSTOÇ,M3,2024-09-05,3805
İSTOÇ,M3,2024-09-06,3875
İSTOÇ,M3,2024-09-07,2844
İSTOÇ,M3,2024-09-08,313
İSTOÇ,M3,2024-09-09,1155
İTÜ-Ayazağa,M2,2024-09-01,5174
İTÜ-Ayazağa,M2,2024-09-02,1
İTÜ-Ayazağa,M2,2024-09-04,19320
İTÜ-Ayazağa,M2,2024-09-05,19660
İTÜ-Ayazağa,M2,2024-09-06,18267
İTÜ-Ayazağa,M2,2024-09-07,8146
İTÜ-Ayazağa,M2,2024-09-08,5127
İTÜ-Ayazağa,M2,2024-09-09,5927
İkitelli Sanayi,M3,2024-09-01,966
İkitelli Sanayi,M3,2024-09-04,5748
İkitelli Sanayi,M3,2024-09-05,5813
İkitelli Sanayi,M3,2024-09-06,5812
İkitelli Sanayi,M3,2024-09-07,3535
İkitelli Sanayi,M3,2024-09-08,1060
İkitelli Sanayi,M3,2024-09-09,1657
İkitelli Sanayi,M9,2024-09-01,318
İkitelli Sanayi,M9,2024-09-02,1
İkitelli Sanayi,M9,2024-09-04,2360
İkitelli Sanayi,M9,2024-09-05,2339
İkitelli Sanayi,M9,2024-09-06,2313
İkitelli Sanayi,M9,2024-09-07,1372
İkitelli Sanayi,M9,2024-09-08,409
İkitelli Sanayi,M9,2024-09-09,668
İlkyuva,M3,2024-09-01,4235
İlkyuva,M3,2024-09-04,6517
İlkyuva,M3,2024-09-05,6644
İlkyuva,M3,2024-09-06,6820
İlkyuva,M3,2024-09-07,6403
İlkyuva,M3,2024-09-08,4214
İlkyuva,M3,2024-09-09,5583
İmam H. Lisesi,M5,2024-09-01,3482
İmam H. Lisesi,M5,2024-09-04,6338
İmam H. Lisesi,M5,2024-09-05,6391
İmam H. Lisesi,M5,2024-09-06,6539
İmam H. Lisesi,M5,2024-09-07,5462
İmam H. Lisesi,M5,2024-09-08,3560
İmam H. Lisesi,M5,2024-09-09,5382
İncirli,M3,2024-09-01,4629
İncirli,M3,2024-09-04,8323
İncirli,M3,2024-09-05,9268
İncirli,M3,2024-09-06,8508
İncirli,M3,2024-09-07,7902
İncirli,M3,2024-09-08,4949
İncirli,M3,2024-09-09,4325
İçerenköy,M8,2024-09-01,1569
İçerenköy,M8,2024-09-04,3574
İçerenköy,M8,2024-09-05,3613
İçerenköy,M8,2024-09-06,3503
İçerenköy,M8,2024-09-07,2730
İçerenköy,M8,2024-09-08,1824
İçerenköy,M8,2024-09-09,2813
Şehir Hastanesi,M3,2024-09-01,2318
Şehir Hastanesi,M3,2024-09-04,7066
Şehir Hastanesi,M3,2024-09-05,7653
Şehir Hastanesi,M3,2024-09-06,7450
Şehir Hastanesi,M3,2024-09-07,2742
Şehir Hastanesi,M3,2024-09-08,2259
Şehir Hastanesi,M3,2024-09-09,5171
Şişhane,M2,2024-09-01,11769
Şişhane,M2,2024-09-02,6
Şişhane,M2,2024-09-04,18817
Şişhane,M2,2024-09-05,19218
Şişhane,M2,2024-09-06,19275
Şişhane,M2,2024-09-07,15640
Şişhane,M2,2024-09-08,12102
Şişhane,M2,2024-09-09,8636
Şişli-Mecidiyeköy,M2,2024-09-01,31785
Şişli-Mecidiyeköy,M2,2024-09-02,1
Şişli-Mecidiyeköy,M2,2024-09-03,4
Şişli-Mecidiyeköy,M2,2024-09-04,59708
Şişli-Mecidiyeköy,M2,2024-09-05,61113
Şişli-Mecidiyeköy,M2,2024-09-06,62151
Şişli-Mecidiyeköy,M2,2024-09-07,48538
Şişli-Mecidiyeköy,M2,2024-09-08,33885
Şişli-Mecidiyeköy,M2,2024-09-09,41812
Şişli-Mecidiyeköy,M7,2024-09-01,21123
Şişli-Mecidiyeköy,M7,2024-09-02,1
Şişli-Mecidiyeköy,M7,2024-09-04,39211
Şişli-Mecidiyeköy,M7,2024-09-05,39961
Şişli-Mecidiyeköy,M7,2024-09-06,38871
Şişli-Mecidiyeköy,M7,2024-09-07,29820
Şişli-Mecidiyeköy,M7,2024-09-08,22695
Şişli-Mecidiyeköy,M7,2024-09-09,12093
